Workbook

Sheet Raw Data
A1: Problem Name | B1: Topic / Tag | C1: Tech Stack | D1: Difficulty | E1: Status | F1: T.C | G1: S.C | H1: Approach / Concept | I1: Problem Link | J1: Date Added | K1: Last Revised | L1: Notes
A2: Maximum Product of Three Numbers | B2: Array | C2: Array | D2: Medium | E2: Solved | F2: O(log n) | G2: O(1) | H2: Sort array ascending. Max product = last 3 elements OR first 2 × last (negatives). Take max of both. | I2: https://leetcode.com/problems/maximum-product-of-three-numbers/description/ | J2: 46229 | K2: 46229
A3: Reverse content of array | B3: Array | C3: Array | D3: Easy | E3: Solved | F3: O(n) | G3: O(n) | H3: Make ArrayList, add from matrix backwards. | I3: https://www.hackerrank.com/challenges/arrays-ds/submissions/code/478215640 | J3: 46229 | K3: 46229
A4: Hour Glass Sum | B4: Array | C4: Array | D4: Easy | E4: Solved | F4: O(n) | G4: O(1) | H4: Loop for each 3×3 sub-matrix, calculate sum manually. Return maximum. | I4: https://www.hackerrank.com/challenges/2d-array/submissions/code/478217759 | J4: 46229 | K4: 46229
A5: Matrix Left Rotation | B5: Array | C5: Array | D5: Very Easy | E5: Solved | F5: O(n) | G5: O(n) | H5: ans.add(i, arr.get((len+i+d)%len)) inside loop. | I5: https://www.hackerrank.com/challenges/array-left-rotation/submissions/code/478219364 | J5: 46229 | K5: 46229
A6: Array Manipulation / Count matching String | B6: Array | C6: Array | D6: Easy | E6: Solved | F6: O(n²) | G6: O(n) | H6: For all word of array, check if input[i] contains string[i], if yes count++ | I6: https://www.hackerrank.com/challenges/sparse-arrays/submissions/code/478220911 | J6: 46230 | K6: 46230
A7: Max Palindrome in a Word | B7: Array | C7: Array | D7: Hard | E7: Solved | F7: O(n3) | G7: O(n) | H7: Use Hashmap to store value <String,Integer> ,int max=0, use 2 for(i=max to n-1 ) , and (j= i+1 to n) loop and inside call paindrome, use condition if(j-i+1 > max && isPalindrome(string, map) . Put ans=str;max=j-i+1; and return ans finally | I7: https://leetcode.com/problems/longest-palindromic-substring/submissions/2082790584/ | J7: 46231 | K7: 46231
A8: Maximum Product of 2 Element in array | B8: Array | C8: Array | D8: Very Easy | E8: Solved | F8: O(n log n) | G8: O(1) | H8: Sort array ascending. Max product = last 2 elements OR first 2 or first * last elements ). Take max of all. | I8: https://leetcode.com/problems/maximum-product-of-two-elements-in-an-array/submissions/2082855840/?envType=daily-question&envId=2026-07-27 | J8: 46232 | K8: 46232
A9: Concatenation of Consecutive Binary Numbers LC-1680 | B9: Array | C9: Array | D9: Hard | E9: Solved | G9: O(1) | H9: Converting from binary to integer for higher length takes gives memory error even for BIgInteger, so use Modolus 10^9+7 i.e., 100000007 , then inside fot(I to = n ) check if ((i & (i - 1)) == 0) bitLength++; , then calculate inside loop only result = ((result << bitLength) + i) % MOD; . return this result at last . | I9: https://leetcode.com/problems/concatenation-of-consecutive-binary-numbers/submissions/2083312043/?envType=daily-question&envId=2026-07-27 | J9: 46232 | K9: 46232

Sheet _SORTED
A1: Rank | B1: RowInRaw
A2: =IF('Raw Data'!A2=""," ",SUMPRODUCT(('Raw Data'!K$2:K$55>'Raw Data'!K2)*('Raw Data'!A$2:A$55<>"")*1)+SUMPRODUCT(('Raw Data'!K$2:K$55='Raw Data'!K2)*(ROW('Raw Data'!K$2:K$55)<ROW('Raw Data'!K2))*('Raw Data'!A$2:A$55<>"")*1)+1) -> 5
A3: =IF('Raw Data'!A3=""," ",SUMPRODUCT(('Raw Data'!K$2:K$55>'Raw Data'!K3)*('Raw Data'!A$2:A$55<>"")*1)+SUMPRODUCT(('Raw Data'!K$2:K$55='Raw Data'!K3)*(ROW('Raw Data'!K$2:K$55)<ROW('Raw Data'!K3))*('Raw Data'!A$2:A$55<>"")*1)+1) -> 6
A4: =IF('Raw Data'!A4=""," ",SUMPRODUCT(('Raw Data'!K$2:K$55>'Raw Data'!K4)*('Raw Data'!A$2:A$55<>"")*1)+SUMPRODUCT(('Raw Data'!K$2:K$55='Raw Data'!K4)*(ROW('Raw Data'!K$2:K$55)<ROW('Raw Data'!K4))*('Raw Data'!A$2:A$55<>"")*1)+1) -> 7
A5: =IF('Raw Data'!A5=""," ",SUMPRODUCT(('Raw Data'!K$2:K$55>'Raw Data'!K5)*('Raw Data'!A$2:A$55<>"")*1)+SUMPRODUCT(('Raw Data'!K$2:K$55='Raw Data'!K5)*(ROW('Raw Data'!K$2:K$55)<ROW('Raw Data'!K5))*('Raw Data'!A$2:A$55<>"")*1)+1) -> 8
A6: =IF('Raw Data'!A6=""," ",SUMPRODUCT(('Raw Data'!K$2:K$55>'Raw Data'!K6)*('Raw Data'!A$2:A$55<>"")*1)+SUMPRODUCT(('Raw Data'!K$2:K$55='Raw Data'!K6)*(ROW('Raw Data'!K$2:K$55)<ROW('Raw Data'!K6))*('Raw Data'!A$2:A$55<>"")*1)+1) -> 4
A7: =IF('Raw Data'!A7=""," ",SUMPRODUCT(('Raw Data'!K$2:K$55>'Raw Data'!K7)*('Raw Data'!A$2:A$55<>"")*1)+SUMPRODUCT(('Raw Data'!K$2:K$55='Raw Data'!K7)*(ROW('Raw Data'!K$2:K$55)<ROW('Raw Data'!K7))*('Raw Data'!A$2:A$55<>"")*1)+1) -> 3
A8: =IF('Raw Data'!A12=""," ",SUMPRODUCT(('Raw Data'!K$2:K$55>'Raw Data'!K12)*('Raw Data'!A$2:A$55<>"")*1)+SUMPRODUCT(('Raw Data'!K$2:K$55='Raw Data'!K12)*(ROW('Raw Data'!K$2:K$55)<ROW('Raw Data'!K12))*('Raw Data'!A$2:A$55<>"")*1)+1)
A9: =IF('Raw Data'!A13=""," ",SUMPRODUCT(('Raw Data'!K$2:K$55>'Raw Data'!K13)*('Raw Data'!A$2:A$55<>"")*1)+SUMPRODUCT(('Raw Data'!K$2:K$55='Raw Data'!K13)*(ROW('Raw Data'!K$2:K$55)<ROW('Raw Data'!K13))*('Raw Data'!A$2:A$55<>"")*1)+1)
A10: =IF('Raw Data'!A14=""," ",SUMPRODUCT(('Raw Data'!K$2:K$55>'Raw Data'!K14)*('Raw Data'!A$2:A$55<>"")*1)+SUMPRODUCT(('Raw Data'!K$2:K$55='Raw Data'!K14)*(ROW('Raw Data'!K$2:K$55)<ROW('Raw Data'!K14))*('Raw Data'!A$2:A$55<>"")*1)+1)
A11: =IF('Raw Data'!A15=""," ",SUMPRODUCT(('Raw Data'!K$2:K$55>'Raw Data'!K15)*('Raw Data'!A$2:A$55<>"")*1)+SUMPRODUCT(('Raw Data'!K$2:K$55='Raw Data'!K15)*(ROW('Raw Data'!K$2:K$55)<ROW('Raw Data'!K15))*('Raw Data'!A$2:A$55<>"")*1)+1)
A12: =IF('Raw Data'!A16=""," ",SUMPRODUCT(('Raw Data'!K$2:K$55>'Raw Data'!K16)*('Raw Data'!A$2:A$55<>"")*1)+SUMPRODUCT(('Raw Data'!K$2:K$55='Raw Data'!K16)*(ROW('Raw Data'!K$2:K$55)<ROW('Raw Data'!K16))*('Raw Data'!A$2:A$55<>"")*1)+1)
A13: =IF('Raw Data'!A17=""," ",SUMPRODUCT(('Raw Data'!K$2:K$55>'Raw Data'!K17)*('Raw Data'!A$2:A$55<>"")*1)+SUMPRODUCT(('Raw Data'!K$2:K$55='Raw Data'!K17)*(ROW('Raw Data'!K$2:K$55)<ROW('Raw Data'!K17))*('Raw Data'!A$2:A$55<>"")*1)+1)
A14: =IF('Raw Data'!A18=""," ",SUMPRODUCT(('Raw Data'!K$2:K$55>'Raw Data'!K18)*('Raw Data'!A$2:A$55<>"")*1)+SUMPRODUCT(('Raw Data'!K$2:K$55='Raw Data'!K18)*(ROW('Raw Data'!K$2:K$55)<ROW('Raw Data'!K18))*('Raw Data'!A$2:A$55<>"")*1)+1)
A15: =IF('Raw Data'!A19=""," ",SUMPRODUCT(('Raw Data'!K$2:K$55>'Raw Data'!K19)*('Raw Data'!A$2:A$55<>"")*1)+SUMPRODUCT(('Raw Data'!K$2:K$55='Raw Data'!K19)*(ROW('Raw Data'!K$2:K$55)<ROW('Raw Data'!K19))*('Raw Data'!A$2:A$55<>"")*1)+1)
A16: =IF('Raw Data'!A20=""," ",SUMPRODUCT(('Raw Data'!K$2:K$55>'Raw Data'!K20)*('Raw Data'!A$2:A$55<>"")*1)+SUMPRODUCT(('Raw Data'!K$2:K$55='Raw Data'!K20)*(ROW('Raw Data'!K$2:K$55)<ROW('Raw Data'!K20))*('Raw Data'!A$2:A$55<>"")*1)+1)
A17: =IF('Raw Data'!A21=""," ",SUMPRODUCT(('Raw Data'!K$2:K$55>'Raw Data'!K21)*('Raw Data'!A$2:A$55<>"")*1)+SUMPRODUCT(('Raw Data'!K$2:K$55='Raw Data'!K21)*(ROW('Raw Data'!K$2:K$55)<ROW('Raw Data'!K21))*('Raw Data'!A$2:A$55<>"")*1)+1)
A18: =IF('Raw Data'!A22=""," ",SUMPRODUCT(('Raw Data'!K$2:K$55>'Raw Data'!K22)*('Raw Data'!A$2:A$55<>"")*1)+SUMPRODUCT(('Raw Data'!K$2:K$55='Raw Data'!K22)*(ROW('Raw Data'!K$2:K$55)<ROW('Raw Data'!K22))*('Raw Data'!A$2:A$55<>"")*1)+1)
A19: =IF('Raw Data'!A23=""," ",SUMPRODUCT(('Raw Data'!K$2:K$55>'Raw Data'!K23)*('Raw Data'!A$2:A$55<>"")*1)+SUMPRODUCT(('Raw Data'!K$2:K$55='Raw Data'!K23)*(ROW('Raw Data'!K$2:K$55)<ROW('Raw Data'!K23))*('Raw Data'!A$2:A$55<>"")*1)+1)
... A51: =IF('Raw Data'!A55=""," ",SUMPRODUCT(('Raw Data'!K$2:K$55>'Raw Data'!K55)*('Raw Data'!A$2:A$55<>"")*1)+SUMPRODUCT(('Raw Data'!K$2:K$55='Raw Data'!K55)*(ROW('Raw Data'!K$2:K$55)<ROW('Raw Data'!K55))*('Raw Data'!A$2:A$55<>"")*1)+1)

Sheet Dashboard
B2: 🧠 DSA REVISION DASHBOARD
B3: ="📅 Data as of: " & TEXT(NOW(), "DD-MMM-YYYY hh:MM AM/PM") -> 📅 Data as of: 27-Jul-2026 05:49 PM
B5: TOTAL | C5: SOLVED | D5: REVISIT | E5: STUCK | F5: TODAY | G5: MASTERY
B6: =COUNTA('Raw Data'!A2:A2004) -> 8 | C6: =COUNTIF('Raw Data'!E2:E2004,"Solved") -> 8 | D6: =COUNTIF('Raw Data'!E2:E2004,"Revisit") -> 0 | E6: =COUNTIF('Raw Data'!E2:E2004,"Stuck") -> 0 | F6: =COUNTIF('Raw Data'!K2:K2004,TODAY()) -> 1 | G6: =IFERROR(TEXT(COUNTIF('Raw Data'!E2:E2004,"Solved")/COUNTA('Raw Data'!A2:A2004),"0%"),"–") -> 100%
C8: 📊 DIFFICULTY | G8: ⚡ STATUS | J8: 🏷️ TOPICS
B10: Very Easy | C10: =COUNTIF('Raw Data'!D2:D2004,"Very Easy") -> 2 | D10: =IFERROR(TEXT(COUNTIF('Raw Data'!D2:D2004,"Very Easy")/COUNTA('Raw Data'!A2:A2004),"0%"),"0%") -> 25% | F10: Solved | G10: =COUNTIF('Raw Data'!E2:E2004,"Solved") -> 8 | H10: =IFERROR(TEXT(COUNTIF('Raw Data'!E2:E2004,"Solved")/COUNTA('Raw Data'!A2:A2004),"0%"),"0%") -> 100% | J10: Array | K10: =COUNTIF('Raw Data'!B2:B2004,"Array") -> 8
B11: Easy | C11: =COUNTIF('Raw Data'!D2:D2004,"Easy") -> 3 | D11: =IFERROR(TEXT(COUNTIF('Raw Data'!D2:D2004,"Easy")/COUNTA('Raw Data'!A2:A2004),"0%"),"0%") -> 38% | F11: Revisit | G11: =COUNTIF('Raw Data'!E2:E2004,"Revisit") -> 0 | H11: =IFERROR(TEXT(COUNTIF('Raw Data'!E2:E2004,"Revisit")/COUNTA('Raw Data'!A2:A2004),"0%"),"0%") -> 0% | J11: String | K11: =COUNTIF('Raw Data'!B2:B2004,"String") -> 0
B12: Medium | C12: =COUNTIF('Raw Data'!D2:D2004,"Medium") -> 1 | D12: =IFERROR(TEXT(COUNTIF('Raw Data'!D2:D2004,"Medium")/COUNTA('Raw Data'!A2:A2004),"0%"),"0%") -> 13% | F12: Stuck | G12: =COUNTIF('Raw Data'!E2:E2004,"Stuck") -> 0 | H12: =IFERROR(TEXT(COUNTIF('Raw Data'!E2:E2004,"Stuck")/COUNTA('Raw Data'!A2:A2004),"0%"),"0%") -> 0% | J12: LinkedList | K12: =COUNTIF('Raw Data'!B2:B2004,"LinkedList") -> 0
B13: Hard | C13: =COUNTIF('Raw Data'!D2:D2004,"Hard") -> 2 | D13: =IFERROR(TEXT(COUNTIF('Raw Data'!D2:D2004,"Hard")/COUNTA('Raw Data'!A2:A2004),"0%"),"0%") -> 25% | F13: Todo | G13: =COUNTIF('Raw Data'!E2:E2004,"Todo") -> 0 | H13: =IFERROR(TEXT(COUNTIF('Raw Data'!E2:E2004,"Todo")/COUNTA('Raw Data'!A2:A2004),"0%"),"0%") -> 0% | J13: Tree | K13: =COUNTIF('Raw Data'!B2:B2004,"Tree") -> 0
B14: Extreme Hard | C14: =COUNTIF('Raw Data'!D2:D2004,"Extreme Hard") -> 0 | D14: =IFERROR(TEXT(COUNTIF('Raw Data'!D2:D2004,"Extreme Hard")/COUNTA('Raw Data'!A2:A2004),"0%"),"0%") -> 0% | J14: Graph | K14: =COUNTIF('Raw Data'!B2:B2004,"Graph") -> 0
J15: DP | K15: =COUNTIF('Raw Data'!B2:B2004,"DP") -> 0
J16: Sorting | K16: =COUNTIF('Raw Data'!B2:B2004,"Sorting") -> 0
B17: 🕐 RECENT PROBLEMS (by Last Revised ↓ — auto-updates)
B18: # | C18: Problem Name | D18: Topic | E18: Difficulty | F18: Status | G18: T.C | H18: S.C | I18: Last Revised | J18: Approach | K18: Link
B19: 1 | C19: =IFERROR(INDEX('Raw Data'!$A$2:$A$55,MATCH(1,_SORTED!$A$2:$A$51,0)),"") | D19: =IFERROR(INDEX('Raw Data'!$B$2:$B$55,MATCH(1,_SORTED!$A$2:$A$51,0)),"") | E19: =IFERROR(INDEX('Raw Data'!$D$2:$D$55,MATCH(1,_SORTED!$A$2:$A$51,0)),"") | F19: =IFERROR(INDEX('Raw Data'!$E$2:$E$55,MATCH(1,_SORTED!$A$2:$A$51,0)),"") | G19: =IFERROR(INDEX('Raw Data'!$F$2:$F$55,MATCH(1,_SORTED!$A$2:$A$51,0)),"") | H19: =IFERROR(INDEX('Raw Data'!$G$2:$G$55,MATCH(1,_SORTED!$A$2:$A$51,0)),"") | I19: =IFERROR(TEXT(INDEX('Raw Data'!$K$2:$K$55,MATCH(1,_SORTED!$A$2:$A$51,0)),"DD-MMM-YYYY"),"") | J19: =IFERROR(INDEX('Raw Data'!$H$2:$H$55,MATCH(1,_SORTED!$A$2:$A$51,0)),"") | K19: =IFERROR(INDEX('Raw Data'!$I$2:$I$55,MATCH(1,_SORTED!$A$2:$A$51,0)),"")
B20: 2 | C20: =IFERROR(INDEX('Raw Data'!$A$2:$A$55,MATCH(2,_SORTED!$A$2:$A$51,0)),"") | D20: =IFERROR(INDEX('Raw Data'!$B$2:$B$55,MATCH(2,_SORTED!$A$2:$A$51,0)),"") | E20: =IFERROR(INDEX('Raw Data'!$D$2:$D$55,MATCH(2,_SORTED!$A$2:$A$51,0)),"") | F20: =IFERROR(INDEX('Raw Data'!$E$2:$E$55,MATCH(2,_SORTED!$A$2:$A$51,0)),"") | G20: =IFERROR(INDEX('Raw Data'!$F$2:$F$55,MATCH(2,_SORTED!$A$2:$A$51,0)),"") | H20: =IFERROR(INDEX('Raw Data'!$G$2:$G$55,MATCH(2,_SORTED!$A$2:$A$51,0)),"") | I20: =IFERROR(TEXT(INDEX('Raw Data'!$K$2:$K$55,MATCH(2,_SORTED!$A$2:$A$51,0)),"DD-MMM-YYYY"),"") | J20: =IFERROR(INDEX('Raw Data'!$H$2:$H$55,MATCH(2,_SORTED!$A$2:$A$51,0)),"") | K20: =IFERROR(INDEX('Raw Data'!$I$2:$I$55,MATCH(2,_SORTED!$A$2:$A$51,0)),"")
B21: 3 | C21: =IFERROR(INDEX('Raw Data'!$A$2:$A$55,MATCH(3,_SORTED!$A$2:$A$51,0)),"") -> Max Palindrome in a Word | D21: =IFERROR(INDEX('Raw Data'!$B$2:$B$55,MATCH(3,_SORTED!$A$2:$A$51,0)),"") -> Array | E21: =IFERROR(INDEX('Raw Data'!$D$2:$D$55,MATCH(3,_SORTED!$A$2:$A$51,0)),"") -> Hard | F21: =IFERROR(INDEX('Raw Data'!$E$2:$E$55,MATCH(3,_SORTED!$A$2:$A$51,0)),"") -> Solved | G21: =IFERROR(INDEX('Raw Data'!$F$2:$F$55,MATCH(3,_SORTED!$A$2:$A$51,0)),"") -> O(n3) | H21: =IFERROR(INDEX('Raw Data'!$G$2:$G$55,MATCH(3,_SORTED!$A$2:$A$51,0)),"") -> O(n) | I21: =IFERROR(TEXT(INDEX('Raw Data'!$K$2:$K$55,MATCH(3,_SORTED!$A$2:$A$51,0)),"DD-MMM-YYYY"),"") -> 28-Jul-2026 | J21: =IFERROR(INDEX('Raw Data'!$H$2:$H$55,MATCH(3,_SORTED!$A$2:$A$51,0)),"") -> Use Hashmap to store value <String,Integer> ,int max=0, use 2 for(i=max to n-1 ) , and (j= i+1 to n) loop and inside call paindrome, use condition if(j-i+1 > max && isPalindrome(string, map) . Put ans=str;max=j-i+1; and return ans finally | K21: =IFERROR(INDEX('Raw Data'!$I$2:$I$55,MATCH(3,_SORTED!$A$2:$A$51,0)),"") -> https://leetcode.com/problems/longest-palindromic-substring/submissions/2082790584/
B22: 4 | C22: =IFERROR(INDEX('Raw Data'!$A$2:$A$55,MATCH(4,_SORTED!$A$2:$A$51,0)),"") -> Array Manipulation / Count matching String | D22: =IFERROR(INDEX('Raw Data'!$B$2:$B$55,MATCH(4,_SORTED!$A$2:$A$51,0)),"") -> Array | E22: =IFERROR(INDEX('Raw Data'!$D$2:$D$55,MATCH(4,_SORTED!$A$2:$A$51,0)),"") -> Easy | F22: =IFERROR(INDEX('Raw Data'!$E$2:$E$55,MATCH(4,_SORTED!$A$2:$A$51,0)),"") -> Solved | G22: =IFERROR(INDEX('Raw Data'!$F$2:$F$55,MATCH(4,_SORTED!$A$2:$A$51,0)),"") -> O(n²) | H22: =IFERROR(INDEX('Raw Data'!$G$2:$G$55,MATCH(4,_SORTED!$A$2:$A$51,0)),"") -> O(n) | I22: =IFERROR(TEXT(INDEX('Raw Data'!$K$2:$K$55,MATCH(4,_SORTED!$A$2:$A$51,0)),"DD-MMM-YYYY"),"") -> 27-Jul-2026 | J22: =IFERROR(INDEX('Raw Data'!$H$2:$H$55,MATCH(4,_SORTED!$A$2:$A$51,0)),"") -> For all word of array, check if input[i] contains string[i], if yes count++ | K22: =IFERROR(INDEX('Raw Data'!$I$2:$I$55,MATCH(4,_SORTED!$A$2:$A$51,0)),"") -> https://www.hackerrank.com/challenges/sparse-arrays/submissions/code/478220911
B23: 5 | C23: =IFERROR(INDEX('Raw Data'!$A$2:$A$55,MATCH(5,_SORTED!$A$2:$A$51,0)),"") -> Maximum Product of Three Numbers | D23: =IFERROR(INDEX('Raw Data'!$B$2:$B$55,MATCH(5,_SORTED!$A$2:$A$51,0)),"") -> Array | E23: =IFERROR(INDEX('Raw Data'!$D$2:$D$55,MATCH(5,_SORTED!$A$2:$A$51,0)),"") -> Medium | F23: =IFERROR(INDEX('Raw Data'!$E$2:$E$55,MATCH(5,_SORTED!$A$2:$A$51,0)),"") -> Solved | G23: =IFERROR(INDEX('Raw Data'!$F$2:$F$55,MATCH(5,_SORTED!$A$2:$A$51,0)),"") -> O(log n) | H23: =IFERROR(INDEX('Raw Data'!$G$2:$G$55,MATCH(5,_SORTED!$A$2:$A$51,0)),"") -> O(1) | I23: =IFERROR(TEXT(INDEX('Raw Data'!$K$2:$K$55,MATCH(5,_SORTED!$A$2:$A$51,0)),"DD-MMM-YYYY"),"") -> 26-Jul-2026 | J23: =IFERROR(INDEX('Raw Data'!$H$2:$H$55,MATCH(5,_SORTED!$A$2:$A$51,0)),"") -> Sort array ascending. Max product = last 3 elements OR first 2 × last (negatives). Take max of both. | K23: =IFERROR(INDEX('Raw Data'!$I$2:$I$55,MATCH(5,_SORTED!$A$2:$A$51,0)),"") -> https://leetcode.com/problems/maximum-product-of-three-numbers/description/
B24: 6 | C24: =IFERROR(INDEX('Raw Data'!$A$2:$A$55,MATCH(6,_SORTED!$A$2:$A$51,0)),"") -> Reverse content of array | D24: =IFERROR(INDEX('Raw Data'!$B$2:$B$55,MATCH(6,_SORTED!$A$2:$A$51,0)),"") -> Array | E24: =IFERROR(INDEX('Raw Data'!$D$2:$D$55,MATCH(6,_SORTED!$A$2:$A$51,0)),"") -> Easy | F24: =IFERROR(INDEX('Raw Data'!$E$2:$E$55,MATCH(6,_SORTED!$A$2:$A$51,0)),"") -> Solved | G24: =IFERROR(INDEX('Raw Data'!$F$2:$F$55,MATCH(6,_SORTED!$A$2:$A$51,0)),"") -> O(n) | H24: =IFERROR(INDEX('Raw Data'!$G$2:$G$55,MATCH(6,_SORTED!$A$2:$A$51,0)),"") -> O(n) | I24: =IFERROR(TEXT(INDEX('Raw Data'!$K$2:$K$55,MATCH(6,_SORTED!$A$2:$A$51,0)),"DD-MMM-YYYY"),"") -> 26-Jul-2026 | J24: =IFERROR(INDEX('Raw Data'!$H$2:$H$55,MATCH(6,_SORTED!$A$2:$A$51,0)),"") -> Make ArrayList, add from matrix backwards. | K24: =IFERROR(INDEX('Raw Data'!$I$2:$I$55,MATCH(6,_SORTED!$A$2:$A$51,0)),"") -> https://www.hackerrank.com/challenges/arrays-ds/submissions/code/478215640
B25: 7 | C25: =IFERROR(INDEX('Raw Data'!$A$2:$A$55,MATCH(7,_SORTED!$A$2:$A$51,0)),"") -> Hour Glass Sum | D25: =IFERROR(INDEX('Raw Data'!$B$2:$B$55,MATCH(7,_SORTED!$A$2:$A$51,0)),"") -> Array | E25: =IFERROR(INDEX('Raw Data'!$D$2:$D$55,MATCH(7,_SORTED!$A$2:$A$51,0)),"") -> Easy | F25: =IFERROR(INDEX('Raw Data'!$E$2:$E$55,MATCH(7,_SORTED!$A$2:$A$51,0)),"") -> Solved | G25: =IFERROR(INDEX('Raw Data'!$F$2:$F$55,MATCH(7,_SORTED!$A$2:$A$51,0)),"") -> O(n) | H25: =IFERROR(INDEX('Raw Data'!$G$2:$G$55,MATCH(7,_SORTED!$A$2:$A$51,0)),"") -> O(1) | I25: =IFERROR(TEXT(INDEX('Raw Data'!$K$2:$K$55,MATCH(7,_SORTED!$A$2:$A$51,0)),"DD-MMM-YYYY"),"") -> 26-Jul-2026 | J25: =IFERROR(INDEX('Raw Data'!$H$2:$H$55,MATCH(7,_SORTED!$A$2:$A$51,0)),"") -> Loop for each 3×3 sub-matrix, calculate sum manually. Return maximum. | K25: =IFERROR(INDEX('Raw Data'!$I$2:$I$55,MATCH(7,_SORTED!$A$2:$A$51,0)),"") -> https://www.hackerrank.com/challenges/2d-array/submissions/code/478217759
B26: 8 | C26: =IFERROR(INDEX('Raw Data'!$A$2:$A$55,MATCH(8,_SORTED!$A$2:$A$51,0)),"") -> Matrix Left Rotation | D26: =IFERROR(INDEX('Raw Data'!$B$2:$B$55,MATCH(8,_SORTED!$A$2:$A$51,0)),"") -> Array | E26: =IFERROR(INDEX('Raw Data'!$D$2:$D$55,MATCH(8,_SORTED!$A$2:$A$51,0)),"") -> Very Easy | F26: =IFERROR(INDEX('Raw Data'!$E$2:$E$55,MATCH(8,_SORTED!$A$2:$A$51,0)),"") -> Solved | G26: =IFERROR(INDEX('Raw Data'!$F$2:$F$55,MATCH(8,_SORTED!$A$2:$A$51,0)),"") -> O(n) | H26: =IFERROR(INDEX('Raw Data'!$G$2:$G$55,MATCH(8,_SORTED!$A$2:$A$51,0)),"") -> O(n) | I26: =IFERROR(TEXT(INDEX('Raw Data'!$K$2:$K$55,MATCH(8,_SORTED!$A$2:$A$51,0)),"DD-MMM-YYYY"),"") -> 26-Jul-2026 | J26: =IFERROR(INDEX('Raw Data'!$H$2:$H$55,MATCH(8,_SORTED!$A$2:$A$51,0)),"") -> ans.add(i, arr.get((len+i+d)%len)) inside loop. | K26: =IFERROR(INDEX('Raw Data'!$I$2:$I$55,MATCH(8,_SORTED!$A$2:$A$51,0)),"") -> https://www.hackerrank.com/challenges/array-left-rotation/submissions/code/478219364
B27: 9 | C27: =IFERROR(INDEX('Raw Data'!$A$2:$A$55,MATCH(9,_SORTED!$A$2:$A$51,0)),"") | D27: =IFERROR(INDEX('Raw Data'!$B$2:$B$55,MATCH(9,_SORTED!$A$2:$A$51,0)),"") | E27: =IFERROR(INDEX('Raw Data'!$D$2:$D$55,MATCH(9,_SORTED!$A$2:$A$51,0)),"") | F27: =IFERROR(INDEX('Raw Data'!$E$2:$E$55,MATCH(9,_SORTED!$A$2:$A$51,0)),"") | G27: =IFERROR(INDEX('Raw Data'!$F$2:$F$55,MATCH(9,_SORTED!$A$2:$A$51,0)),"") | H27: =IFERROR(INDEX('Raw Data'!$G$2:$G$55,MATCH(9,_SORTED!$A$2:$A$51,0)),"") | I27: =IFERROR(TEXT(INDEX('Raw Data'!$K$2:$K$55,MATCH(9,_SORTED!$A$2:$A$51,0)),"DD-MMM-YYYY"),"") | J27: =IFERROR(INDEX('Raw Data'!$H$2:$H$55,MATCH(9,_SORTED!$A$2:$A$51,0)),"") | K27: =IFERROR(INDEX('Raw Data'!$I$2:$I$55,MATCH(9,_SORTED!$A$2:$A$51,0)),"")
B28: 10 | C28: =IFERROR(INDEX('Raw Data'!$A$2:$A$55,MATCH(10,_SORTED!$A$2:$A$51,0)),"") | D28: =IFERROR(INDEX('Raw Data'!$B$2:$B$55,MATCH(10,_SORTED!$A$2:$A$51,0)),"") | E28: =IFERROR(INDEX('Raw Data'!$D$2:$D$55,MATCH(10,_SORTED!$A$2:$A$51,0)),"") | F28: =IFERROR(INDEX('Raw Data'!$E$2:$E$55,MATCH(10,_SORTED!$A$2:$A$51,0)),"") | G28: =IFERROR(INDEX('Raw Data'!$F$2:$F$55,MATCH(10,_SORTED!$A$2:$A$51,0)),"") | H28: =IFERROR(INDEX('Raw Data'!$G$2:$G$55,MATCH(10,_SORTED!$A$2:$A$51,0)),"") | I28: =IFERROR(TEXT(INDEX('Raw Data'!$K$2:$K$55,MATCH(10,_SORTED!$A$2:$A$51,0)),"DD-MMM-YYYY"),"") | J28: =IFERROR(INDEX('Raw Data'!$H$2:$H$55,MATCH(10,_SORTED!$A$2:$A$51,0)),"") | K28: =IFERROR(INDEX('Raw Data'!$I$2:$I$55,MATCH(10,_SORTED!$A$2:$A$51,0)),"")
B31: All values auto-update as you add rows in Raw Data. No manual refresh needed.
